<?xml version="1.0" encoding="UTF-8"?>
<eml:eml packageId="aafc.herbarium.dwca.sample" system="AAFC-Herbarium"
xmlns:eml="eml://ecoinformatics.org/eml-2.1.1"
xmlns:xsi="http://www.w3.org/2001/XMLSchema-instance"
xsi:schemaLocation="eml://ecoinformatics.org/eml-2.1.1 eml.xsd">
  <dataset>
    <title>Sample AAFC Herbarium Darwin Core Archive</title>
    <creator><individualName><surName>Devvyn</surName></individualName></creator>
    <metadataProvider><individualName><surName>AAFC</surName></individualName></metadataProvider>
    <pubDate>2025-08-30</pubDate>
    <language>en</language>
    <abstract><para>Sample DwC-A bundle with local herbarium specimen data and ABCD linkage.</para></abstract>
  </dataset>
</eml:eml>
