<?xml version="1.0" encoding="UTF-8"?>
<meta xmlns="http://rs.tdwg.org/dwc/text/" xmlns:xsi="http://www.w3.org/2001/XMLSchema-instance" xsi:schemaLocation="http://rs.tdwg.org/dwc/text/ http://rs.tdwg.org/dwc/text/tdwg_dwc_text.xsd">
  <core encoding="UTF-8" linesTerminatedBy="\n" fieldsTerminatedBy="," fieldsEnclosedBy="\"" ignoreHeaderLines="1" rowType="http://rs.tdwg.org/dwc/terms/Occurrence">
    <files>
      <location>specimen.csv</location>
    </files>
    <id index="0"/>
    <field index="1" term="http://rs.tdwg.org/dwc/terms/catalogNumber"/>
    <field index="2" term="http://rs.tdwg.org/dwc/terms/institutionCode"/>
    <field index="3" term="http://rs.tdwg.org/dwc/terms/collectionCode"/>
    <field index="4" term="http://rs.tdwg.org/dwc/terms/basisOfRecord"/>
    <field index="5" term="http://rs.tdwg.org/dwc/terms/preparations"/>
    <field index="6" term="http://rs.tdwg.org/dwc/terms/occurrenceRemarks"/>
    <field index="7" term="http://rs.tdwg.org/dwc/terms/occurrenceID"/>
  </core>
  <extension encoding="UTF-8" linesTerminatedBy="\n" fieldsTerminatedBy="," fieldsEnclosedBy="\"" ignoreHeaderLines="1" rowType="http://rs.tdwg.org/dwc/terms/Identification">
    <files><location>identification.csv</location></files>
    <coreid index="1"/>
  </extension>
  <extension encoding="UTF-8" linesTerminatedBy="\n" fieldsTerminatedBy="," fieldsEnclosedBy="\"" ignoreHeaderLines="1" rowType="http://rs.tdwg.org/dwc/terms/Taxon">
    <files><location>taxon.csv</location></files>
    <coreid index="0"/>
  </extension>
  <extension encoding="UTF-8" linesTerminatedBy="\n" fieldsTerminatedBy="," fieldsEnclosedBy="\"" ignoreHeaderLines="1" rowType="http://rs.tdwg.org/dwc/terms/Multimedia">
    <files><location>multimedia.csv</location></files>
    <coreid index="1"/>
  </extension>
  <extension encoding="UTF-8" linesTerminatedBy="\n" fieldsTerminatedBy="," fieldsEnclosedBy="\"" ignoreHeaderLines="1" rowType="http://rs.tdwg.org/dwc/terms/Event">
    <files><location>gathering_event.csv</location></files>
    <coreid index="1"/>
  </extension>
  <extension encoding="UTF-8" linesTerminatedBy="\n" fieldsTerminatedBy="," fieldsEnclosedBy="\"" ignoreHeaderLines="1" rowType="http://rs.tdwg.org/dwc/terms/Location">
    <files><location>location.csv</location></files>
    <coreid index="1"/>
  </extension>
  <extension encoding="UTF-8" linesTerminatedBy="\n" fieldsTerminatedBy="," fieldsEnclosedBy="\"" ignoreHeaderLines="1" rowType="http://rs.tdwg.org/dwc/terms/Agent">
    <files><location>person.csv</location></files>
    <coreid index="0"/>
  </extension>
  <extension encoding="UTF-8" linesTerminatedBy="\n" fieldsTerminatedBy="," fieldsEnclosedBy="\"" ignoreHeaderLines="1" rowType="http://rs.tdwg.org/dwc/terms/ResourceRelationship">
    <files><location>abcd_unit.csv</location></files>
    <coreid index="1"/>
  </extension>
</meta>
